CREATE DATABASE IF NOT EXISTS `aijia` DEFAULT CHARACTER SET utf8 COLLATE utf8_general_ci;
USE `aijia`;

DROP TABLE t_category;
CREATE TABLE t_category ( category_id bigint NOT NULL AUTO_INCREMENT, first_contents bigint, first_contents_name varchar(255), second_contents bigint, second_contents_name varchar(255), PRIMARY KEY (category_id) ) ENGINE=InnoDB DEFAULT CHARSET=utf8;

insert into t_category (category_id, first_contents, first_contents_name, second_contents, second_contents_name) values (1, 1, '卧室', 11, '床');
insert into t_category (category_id, first_contents, first_contents_name, second_contents, second_contents_name) values (2, 1, '卧室', 12, '床头柜');
insert into t_category (category_id, first_contents, first_contents_name, second_contents, second_contents_name) values (3, 1, '卧室', 13, '衣柜');
insert into t_category (category_id, first_contents, first_contents_name, second_contents, second_contents_name) values (4, 1, '卧室', 14, '斗柜');
insert into t_category (category_id, first_contents, first_contents_name, second_contents, second_contents_name) values (5, 1, '卧室', 15, '妆台');
insert into t_category (category_id, first_contents, first_contents_name, second_contents, second_contents_name) values (6, 1, '卧室', 16, '衣帽架');
insert into t_category (category_id, first_contents, first_contents_name, second_contents, second_contents_name) values (7, 1, '卧室', 17, '床尾凳');
insert into t_category (category_id, first_contents, first_contents_name, second_contents, second_contents_name) values (8, 2, '客厅', 21, '沙发');
insert into t_category (category_id, first_contents, first_contents_name, second_contents, second_contents_name) values (9, 2, '客厅', 22, '茶几');
insert into t_category (category_id, first_contents, first_contents_name, second_contents, second_contents_name) values (10, 2, '客厅', 23, '电视柜');
insert into t_category (category_id, first_contents, first_contents_name, second_contents, second_contents_name) values (11, 2, '客厅', 24, '鞋柜');
insert into t_category (category_id, first_contents, first_contents_name, second_contents, second_contents_name) values (12, 2, '客厅', 25, '装饰柜');
insert into t_category (category_id, first_contents, first_contents_name, second_contents, second_contents_name) values (13, 2, '客厅', 26, '椅凳');
insert into t_category (category_id, first_contents, first_contents_name, second_contents, second_contents_name) values (14, 2, '客厅', 27, '玄关柜');
insert into t_category (category_id, first_contents, first_contents_name, second_contents, second_contents_name) values (15, 2, '客厅', 28, '装饰架');
insert into t_category (category_id, first_contents, first_contents_name, second_contents, second_contents_name) values (16, 3, '餐厅', 31, '餐桌');
insert into t_category (category_id, first_contents, first_contents_name, second_contents, second_contents_name) values (17, 3, '餐厅', 32, '餐椅');
insert into t_category (category_id, first_contents, first_contents_name, second_contents, second_contents_name) values (18, 3, '餐厅', 33, '餐边柜');
insert into t_category (category_id, first_contents, first_contents_name, second_contents, second_contents_name) values (19, 4, '书房', 41, '书桌/工作台');
insert into t_category (category_id, first_contents, first_contents_name, second_contents, second_contents_name) values (20, 4, '书房', 42, '书柜/书架');
insert into t_category (category_id, first_contents, first_contents_name, second_contents, second_contents_name) values (21, 4, '书房', 43, '书椅/转椅');
insert into t_category (category_id, first_contents, first_contents_name, second_contents, second_contents_name) values (22, 5, '儿童房', 52, '儿童床头柜');
insert into t_category (category_id, first_contents, first_contents_name, second_contents, second_contents_name) values (23, 5, '儿童房', 53, '儿童衣柜');
insert into t_category (category_id, first_contents, first_contents_name, second_contents, second_contents_name) values (24, 5, '儿童房', 54, '书桌/电脑台');
insert into t_category (category_id, first_contents, first_contents_name, second_contents, second_contents_name) values (25, 5, '儿童房', 55, '儿童椅');
insert into t_category (category_id, first_contents, first_contents_name, second_contents, second_contents_name) values (26, 5, '儿童房', 56, '儿童柜');
insert into t_category (category_id, first_contents, first_contents_name, second_contents, second_contents_name) values (27, 5, '儿童房', 51, '儿童床');
insert into t_category (category_id, first_contents, first_contents_name, second_contents, second_contents_name) values (28, 6, '阳台', 61, '户外椅');
insert into t_category (category_id, first_contents, first_contents_name, second_contents, second_contents_name) values (30, 6, '阳台', 62, '户外桌');

DROP TABLE t_collection;
CREATE TABLE t_collection ( collection_id bigint NOT NULL AUTO_INCREMENT, userId bigint, productId bigint, create_time timestamp DEFAULT CURRENT_TIMESTAMP, update_time timestamp NULL, status bigint, PRIMARY KEY (collection_id) ) ENGINE=InnoDB DEFAULT CHARSET=utf8;

DROP TABLE t_composite_product;
CREATE TABLE t_composite_product ( composite_product_id bigint NOT NULL AUTO_INCREMENT, name varchar(255), picture_url_original text, summary varchar(255), price decimal, sale_off decimal, design_features varchar(420), experience_address varchar(255), create_time timestamp DEFAULT CURRENT_TIMESTAMP, update_time timestamp NULL, thum_urm_url text, latitude double, longitude double, PRIMARY KEY (composite_product_id) ) ENGINE=InnoDB DEFAULT CHARSET=utf8;

insert into t_composite_product (composite_product_id, name, picture_url_original, summary, price, sale_off, design_features, experience_address, create_time, update_time, thum_urm_url, latitude, longitude) values (1, '万科金域蓝湾E-2户型家居套装', '["http://7u2s8r.com2.z0.glb.qiniucdn.com/p-c-5.jpg","http://7u2s8r.com2.z0.glb.qiniucdn.com/p-c-2.jpg","http://7u2s8r.com2.z0.glb.qiniucdn.com/p-c-3.jpg","http://7u2s8r.com2.z0.glb.qiniucdn.com/p-c-4.jpg","http://7u2s8r.com2.z0.glb.qiniucdn.com/p-c-1.jpg"]', '混搭风格 | 39件 | 190平米 | 4室2厅2卫', 248000, 7, '以构建引导生活方式为主线，以“自然、摩登、艺术”为主题，进而来诠释一种生活态度。空间整体既具有古典的唯美主义，又独具现代的知性美感，创造出艺术生活化、生活艺术化的现代生活方式空间。', '南京市江宁区清水亭东路9号', '2015-02-03 18:10:06', null, '[]', 31.924744, 118.838408);

DROP TABLE t_composite_single;
CREATE TABLE t_composite_single ( composite_single_id bigint NOT NULL AUTO_INCREMENT, composite_productId bigint, single_productId bigint, product_count bigint DEFAULT '1', PRIMARY KEY (composite_single_id), CONSTRAINT relation UNIQUE (composite_productId, composite_single_id) ) ENGINE=InnoDB DEFAULT CHARSET=utf8;

insert into t_composite_single (composite_single_id, composite_productId, single_productId, product_count) values (8, 1, 13, 1);
insert into t_composite_single (composite_single_id, composite_productId, single_productId, product_count) values (9, 1, 12, 1);
insert into t_composite_single (composite_single_id, composite_productId, single_productId, product_count) values (10, 1, 75, 1);
insert into t_composite_single (composite_single_id, composite_productId, single_productId, product_count) values (11, 1, 11, 1);
insert into t_composite_single (composite_single_id, composite_productId, single_productId, product_count) values (12, 1, 73, 1);
insert into t_composite_single (composite_single_id, composite_productId, single_productId, product_count) values (13, 1, 69, 1);
insert into t_composite_single (composite_single_id, composite_productId, single_productId, product_count) values (14, 1, 17, 1);
insert into t_composite_single (composite_single_id, composite_productId, single_productId, product_count) values (15, 1, 16, 1);
insert into t_composite_single (composite_single_id, composite_productId, single_productId, product_count) values (16, 1, 63, 1);
insert into t_composite_single (composite_single_id, composite_productId, single_productId, product_count) values (17, 1, 58, 1);
insert into t_composite_single (composite_single_id, composite_productId, single_productId, product_count) values (18, 1, 50, 1);
insert into t_composite_single (composite_single_id, composite_productId, single_productId, product_count) values (19, 1, 56, 1);
insert into t_composite_single (composite_single_id, composite_productId, single_productId, product_count) values (20, 1, 54, 1);
insert into t_composite_single (composite_single_id, composite_productId, single_productId, product_count) values (21, 1, 60, 1);
insert into t_composite_single (composite_single_id, composite_productId, single_productId, product_count) values (22, 1, 52, 1);
insert into t_composite_single (composite_single_id, composite_productId, single_productId, product_count) values (23, 1, 47, 1);
insert into t_composite_single (composite_single_id, composite_productId, single_productId, product_count) values (24, 1, 20, 1);
insert into t_composite_single (composite_single_id, composite_productId, single_productId, product_count) values (25, 1, 45, 1);
insert into t_composite_single (composite_single_id, composite_productId, single_productId, product_count) values (26, 1, 42, 1);
insert into t_composite_single (composite_single_id, composite_productId, single_productId, product_count) values (27, 1, 44, 1);
insert into t_composite_single (composite_single_id, composite_productId, single_productId, product_count) values (28, 1, 18, 1);
insert into t_composite_single (composite_single_id, composite_productId, single_productId, product_count) values (29, 1, 35, 1);
insert into t_composite_single (composite_single_id, composite_productId, single_productId, product_count) values (30, 1, 39, 1);
insert into t_composite_single (composite_single_id, composite_productId, single_productId, product_count) values (31, 1, 21, 1);
insert into t_composite_single (composite_single_id, composite_productId, single_productId, product_count) values (32, 1, 23, 1);
insert into t_composite_single (composite_single_id, composite_productId, single_productId, product_count) values (33, 1, 22, 1);
insert into t_composite_single (composite_single_id, composite_productId, single_productId, product_count) values (34, 1, 86, 1);
insert into t_composite_single (composite_single_id, composite_productId, single_productId, product_count) values (35, 1, 65, 1);

DROP TABLE t_feedback;
CREATE TABLE t_feedback ( feedback_id bigint NOT NULL AUTO_INCREMENT, content varchar(420), phone_number varchar(14), userId bigint, type bigint, feedback_time timestamp DEFAULT CURRENT_TIMESTAMP, PRIMARY KEY (feedback_id) ) ENGINE=InnoDB DEFAULT CHARSET=utf8;

DROP TABLE t_log;
CREATE TABLE t_log ( l_id int NOT NULL AUTO_INCREMENT, u_id int NOT NULL COMMENT '用户id', access_token varchar(128) NOT NULL COMMENT '判断用户是否有读写权限', refresh_token varchar(128) NOT NULL COMMENT '刷新access_token', expire int NOT NULL COMMENT '过期时间，如15天', log_time timestamp DEFAULT CURRENT_TIMESTAMP, PRIMARY KEY (l_id), CONSTRAINT u_id_2 UNIQUE (u_id), INDEX u_id (u_id, access_token) ) ENGINE=InnoDB DEFAULT CHARSET=utf8;

DROP TABLE t_order;
CREATE TABLE t_order ( order_id bigint NOT NULL AUTO_INCREMENT, purchaser_name varchar(255), purchaser_tel varchar(255), order_price decimal, order_product_amount bigint, order_status bigint, create_time timestamp DEFAULT CURRENT_TIMESTAMP, update_time timestamp NULL, userId bigint, delivery_address varchar(255), invoice_information varchar(255), product_id bigint, product_type smallint, order_source bigint, order_num varchar(255), PRIMARY KEY (order_id) ) ENGINE=InnoDB DEFAULT CHARSET=utf8;

DROP TABLE t_order_details;
CREATE TABLE t_order_details ( order_details_id bigint NOT NULL AUTO_INCREMENT, order_id bigint, product_id bigint, product_amount bigint, product_price decimal, product_price_amount decimal, PRIMARY KEY (order_details_id) ) ENGINE=InnoDB DEFAULT CHARSET=utf8;

DROP TABLE t_register;
CREATE TABLE t_register ( r_id bigint NOT NULL AUTO_INCREMENT, mobile varchar(11), password varchar(128), activate_code varchar(6) COMMENT '手机注册短信验证', register_key varchar(128), reg_time timestamp DEFAULT CURRENT_TIMESTAMP, PRIMARY KEY (r_id), CONSTRAINT r_id UNIQUE (r_id), CONSTRAINT mobile UNIQUE (mobile) ) ENGINE=InnoDB DEFAULT CHARSET=utf8;

DROP TABLE t_shopping_cart;
CREATE TABLE t_shopping_cart ( shopping_cart_id bigint NOT NULL, userId bigint, productId bigint, cart_status bigint, create_time timestamp DEFAULT CURRENT_TIMESTAMP, update_time timestamp NULL, PRIMARY KEY (shopping_cart_id) ) ENGINE=InnoDB DEFAULT CHARSET=utf8;

DROP TABLE t_single_product;
CREATE TABLE t_single_product ( product_id bigint NOT NULL AUTO_INCREMENT, name varchar(255), picture_url_original text, price_current decimal, price_market decimal, category_id bigint, status bigint, create_time timestamp DEFAULT CURRENT_TIMESTAMP, update_time timestamp NULL, product_model varchar(255), standard_long decimal, standard_width decimal, standard_high decimal, feature varchar(255), brand varchar(255), made_in varchar(255), delivery_city varchar(255), graphic_description varchar(7000), first_contents bigint, second_contents bigint, first_contents_name varchar(255), second_contents_name varchar(255), thum_urm_url text, PRIMARY KEY (product_id) ) ENGINE=InnoDB DEFAULT CHARSET=utf8;

insert into t_single_product (product_id, name, picture_url_original, price_current, price_market, category_id, status, create_time, update_time, product_model, standard_long, standard_width, standard_high, feature, brand, made_in, delivery_city, graphic_description, first_contents, second_contents, first_contents_name, second_contents_name, thum_urm_url) values (10, '电视柜', '["http://7u2lv8.com2.z0.glb.qiniucdn.com/FomW--OY02dV1sVUNGu6wLj8oDaA","http://7u2lv8.com2.z0.glb.qiniucdn.com/FidTs9Y1l6fLnWgkwq2SJ9cQOc3r","","",""]', 12000, 18000, 10, 1, '2015-01-22 10:57:34', '2015-02-02 14:16:05', 'DSG-00001', 1200, 300, 700, '柜门白色山纹白橡，其他黑色山纹白橡（厚度大于0.6mm，无虎斑、水波纹、蓝斑。）/镜面玫瑰金不锈钢脚(不锈钢钢采用真空镀膜技术镀出的膜层，具有高硬度，高耐磨性，很好的耐腐蚀性及化学稳定性，寿命更长等特点，)易涂宝漆：光泽均匀，硬度高，抗刮性强，不退色。', '森源', '深圳', null, '', 2, 23, '客厅', '电视柜', null);
insert into t_single_product (product_id, name, picture_url_original, price_current, price_market, category_id, status, create_time, update_time, product_model, standard_long, standard_width, standard_high, feature, brand, made_in, delivery_city, graphic_description, first_contents, second_contents, first_contents_name, second_contents_name, thum_urm_url) values (11, '创意茶几', '["http://7u2lv8.com2.z0.glb.qiniucdn.com/FkYBbvUuK7pn2Cj91OnzSQaVAFz3","http://7u2lv8.com2.z0.glb.qiniucdn.com/Fuoo3uIXlQglRjlGZDeeegcmpizS","","",""]', 5000, 9000, 9, 1, '2015-01-22 11:46:07', '2015-01-30 16:36:25', 'CJ-00001', 800, 1, 1, '浑水漆（基材为E1级中纤板，表面平整，厚度均匀，游离甲醛释放量9mg-30mg/100g。）易涂宝漆：光泽均匀，硬度高，抗刮性强，不退色。镜面不锈钢金属转轴(不锈钢钢采用真空镀膜技术镀出的膜层，具有高硬度，高耐磨性，很好的耐腐蚀性及化学稳定性，寿命更长等特点，)', '森源制造', '深圳', null, '', 2, 22, '客厅', '茶几', null);
insert into t_single_product (product_id, name, picture_url_original, price_current, price_market, category_id, status, create_time, update_time, product_model, standard_long, standard_width, standard_high, feature, brand, made_in, delivery_city, graphic_description, first_contents, second_contents, first_contents_name, second_contents_name, thum_urm_url) values (12, '创意单人沙发', '["http://7u2lv8.com2.z0.glb.qiniucdn.com/FrX_b9KB6NbfPkhv0Kb_6LMl7nxl","http://7u2lv8.com2.z0.glb.qiniucdn.com/FgVkCG_B9mamT_AJgEq7ZyFTL3aV","","",""]', 7500, 12000, 8, 1, '2015-01-22 11:46:47', '2015-01-30 16:35:58', 'SF-00009', 825, 800, 850, '高弹力海绵扪布饰面（面料采用优质麻布，不掉绒，不退色，舒适，柔软，海绵采用高密度低燃性泡胶，表面有防氧化层）￠35*2玫瑰不锈钢脚(不锈钢钢采用真空镀膜技术镀出的膜层，具有高硬度，高耐磨性，很好的耐腐蚀性及化学稳定性，寿命更长等特点，)', '森源制造', '深圳', null, '', 2, 21, '客厅', '沙发', null);
insert into t_single_product (product_id, name, picture_url_original, price_current, price_market, category_id, status, create_time, update_time, product_model, standard_long, standard_width, standard_high, feature, brand, made_in, delivery_city, graphic_description, first_contents, second_contents, first_contents_name, second_contents_name, thum_urm_url) values (13, '实木沙发', '["http://7u2lv8.com2.z0.glb.qiniucdn.com/Fu09PBfAlXnueL7n66Tphu1S_m9f","http://7u2lv8.com2.z0.glb.qiniucdn.com/FgVkCG_B9mamT_AJgEq7ZyFTL3aV","","",""]', 12000, 25000, 8, 1, '2015-01-22 11:47:33', '2015-01-30 16:35:31', 'SF-00007', 2400, 900, 850, '高弹力海绵扪布饰面(面料采用优质绒布，不掉绒，不退色，舒适，柔软，海绵采用高密度低燃性泡胶，表面有防氧化层）/桦木索黑色高光混水漆脚（实木：木材色泽均匀，纹理清晰，质地细密，含水率在8%，符合GB/T3324要求。无虫孔、结疤、蓝斑、裂纹，易涂宝漆：光泽均匀，硬度高，抗刮性强，不退色。油漆三底两面）。', '森源制造', '深圳', null, '', 2, 21, '客厅', '沙发', null);
insert into t_single_product (product_id, name, picture_url_original, price_current, price_market, category_id, status, create_time, update_time, product_model, standard_long, standard_width, standard_high, feature, brand, made_in, delivery_city, graphic_description, first_contents, second_contents, first_contents_name, second_contents_name, thum_urm_url) values (16, '餐桌', '["http://7u2lv8.com2.z0.glb.qiniucdn.com/FrGy1uyAmbJRSjQPQZSm4dXXOgkS","","","",""]', 10000, 10000, 16, 1, '2015-01-29 13:11:45', '2015-01-30 16:34:56', 'CZ-00001', 1800, 1000, 750, '枫木树榴木皮（对称拼纹）（厚度大于0.6mm，无虎斑、水波纹、蓝斑/金属脚做手工锻打效果（内藏30*30实心方通）(不锈钢钢采用真空镀膜技术镀出的膜层，具有高硬度，高耐磨性，很好的耐腐蚀性及化学稳定性，寿命更长等特点，)，易涂宝漆：光泽均匀，硬度高，抗刮性强，不退色，三底两面。', '森源制造', '深圳', null, '', 3, 31, '餐厅', '餐桌', null);
insert into t_single_product (product_id, name, picture_url_original, price_current, price_market, category_id, status, create_time, update_time, product_model, standard_long, standard_width, standard_high, feature, brand, made_in, delivery_city, graphic_description, first_contents, second_contents, first_contents_name, second_contents_name, thum_urm_url) values (17, '餐椅', '["http://7u2lv8.com2.z0.glb.qiniucdn.com/FrGy1uyAmbJRSjQPQZSm4dXXOgkS","","","",""]', 4000, 10000, 17, 1, '2015-01-29 13:14:54', '2015-01-30 16:42:35', 'CY-00001', 560, 580, 900, '海绵扪布饰面（快干海绵，防水布）(面料采用优质绒布，不掉绒，不退色，舒适，柔软，海绵采用高密度低燃性泡胶，表面有防氧化层）/镜面玫瑰金不锈钢管脚架（实心，防水防锈处理）(不锈钢钢采用真空镀膜技术镀出的膜层，具有高硬度，高耐磨性，很好的耐腐蚀性及化学稳定性，寿命更长等特点，)/橡胶脚垫。', '森源制造', '深圳', null, '', 3, 32, '餐厅', '餐椅', null);
insert into t_single_product (product_id, name, picture_url_original, price_current, price_market, category_id, status, create_time, update_time, product_model, standard_long, standard_width, standard_high, feature, brand, made_in, delivery_city, graphic_description, first_contents, second_contents, first_contents_name, second_contents_name, thum_urm_url) values (18, '老人房床', '["http://7u2lv8.com2.z0.glb.qiniucdn.com/FhRPgWOEX0w37fd-DiiKatDHS-Y3","","","",""]', 4000, 10000, 1, 1, '2015-01-29 13:19:05', '2015-01-30 16:42:45', 'C-00004', 2000, 1500, 1500, '高弹力海绵扪布饰面（面料采用优质麻布，不掉绒，不退色，舒适，柔软，海绵采用高密度低燃性泡胶，表面有防氧化层）/桦木实木索胡桃木色脚（桦木做的家具易加工，抗用，切面光滑，油漆和胶合性能好，纹理直且明显，材质结构细腻而柔和光滑）易涂宝漆：光泽均匀，硬度高，抗刮性强，不退色，三底两面。', '森源制造', '深圳', null, '', 1, 11, '卧室', '床', null);
insert into t_single_product (product_id, name, picture_url_original, price_current, price_market, category_id, status, create_time, update_time, product_model, standard_long, standard_width, standard_high, feature, brand, made_in, delivery_city, graphic_description, first_contents, second_contents, first_contents_name, second_contents_name, thum_urm_url) values (19, '主卧床', '["http://7u2lv8.com2.z0.glb.qiniucdn.com/FnEaws0O4lgNFU4S429SJ4Zl42w3","","","",""]', 5000, 10000, 1, 1, '2015-01-29 13:20:58', '2015-02-02 14:13:15', 'C-00002', 2000, 1800, 1500, '高弹力海绵扪布饰面(面料采用优质绒布，不掉绒，不退色，舒适，柔软，海绵采用高密度低燃性泡胶，表面有防氧化层）/镜面玫瑰金不锈钢饰面。', '森源制造', '深圳', null, '', 1, 11, '卧室', '床', null);
insert into t_single_product (product_id, name, picture_url_original, price_current, price_market, category_id, status, create_time, update_time, product_model, standard_long, standard_width, standard_high, feature, brand, made_in, delivery_city, graphic_description, first_contents, second_contents, first_contents_name, second_contents_name, thum_urm_url) values (20, '儿童床', '["http://7u2lv8.com2.z0.glb.qiniucdn.com/FhvGOw7RTteuQDC6IpuSVFWBzJKj","","","",""]', 5000, 10000, 1, 1, '2015-01-29 13:25:23', '2015-01-30 16:43:06', 'C-00003', 2400, 1323, 2000, '板木结合床，梯柜柱子是泰国进口橡木，抽屉侧板用的是俄罗斯进口樟子松，其他部位是E1级环保高密度板材做。', '森源制造', '深圳', null, '', 1, 11, '卧室', '床', null);
insert into t_single_product (product_id, name, picture_url_original, price_current, price_market, category_id, status, create_time, update_time, product_model, standard_long, standard_width, standard_high, feature, brand, made_in, delivery_city, graphic_description, first_contents, second_contents, first_contents_name, second_contents_name, thum_urm_url) values (21, '书桌', '["http://7u2lv8.com2.z0.glb.qiniucdn.com/FkjusMYAldbxZ2cmZrrFni9mmQgE","","","",""]', 3000, 6000, 19, 1, '2015-01-29 13:29:11', '2015-01-30 16:42:25', 'SZ-00003', 1500, 650, 700, '仿皮饰面（皮面透气性好，防虫，防滑，不退色，海绵采用高密度低燃性泡胶，表面有防氧化层）/拉丝金属咖色饰面脚不锈钢钢采用真空镀膜技术镀出的膜层，具有高硬度，高耐磨性，很好的耐腐蚀性及化学稳定性，寿命更长等特点，/水晶拉手。', '森源制造', '深圳', null, '', 4, 41, '书房', '书桌/工作台', null);
insert into t_single_product (product_id, name, picture_url_original, price_current, price_market, category_id, status, create_time, update_time, product_model, standard_long, standard_width, standard_high, feature, brand, made_in, delivery_city, graphic_description, first_contents, second_contents, first_contents_name, second_contents_name, thum_urm_url) values (22, '书架', '["http://7u2lv8.com2.z0.glb.qiniucdn.com/FuoCCh4FtMLd4zCrPfD06yIUSIJA","","","",""]', 4000, 8000, 20, 1, '2015-01-29 13:31:05', '2015-01-30 16:42:14', 'SJ-00001', 1100, 350, 2200, '拉手金属咖色饰面不锈钢钢采用真空镀膜技术镀出的膜层，具有高硬度，高耐磨性，很好的耐腐蚀性及化学稳定性，寿命更长等特点。', '森源制造', '深圳', null, '', 4, 42, '书房', '书柜/书架', null);
insert into t_single_product (product_id, name, picture_url_original, price_current, price_market, category_id, status, create_time, update_time, product_model, standard_long, standard_width, standard_high, feature, brand, made_in, delivery_city, graphic_description, first_contents, second_contents, first_contents_name, second_contents_name, thum_urm_url) values (23, '书柜', '["http://7u2lv8.com2.z0.glb.qiniucdn.com/FvF4ZnzICYAz1M-UOJCIeQvGg4zR","","","",""]', 3000, 6000, 20, 1, '2015-01-29 13:33:02', '2015-02-02 14:19:13', 'SG-00001', 450, 850, 865, '桦木实木边条索胡桃木色桦木做的家具易加工，抗用，切面光滑，油漆和胶合性能好，纹理直且明显，材质结构细腻而柔和光滑）/天然山纹胡桃木皮饰面（厚度大于0.6mm，无虎斑、水波纹、蓝斑）', '森源制造', '深圳', null, '', 4, 42, '书房', '书柜/书架', null);
insert into t_single_product (product_id, name, picture_url_original, price_current, price_market, category_id, status, create_time, update_time, product_model, standard_long, standard_width, standard_high, feature, brand, made_in, delivery_city, graphic_description, first_contents, second_contents, first_contents_name, second_contents_name, thum_urm_url) values (24, '三人沙发', '["http://7u2lv8.com2.z0.glb.qiniucdn.com/FiitKw-fga8pNuoTw9hKf5YJbjAy","","","",""]', 9999, 9999, 8, 1, '2015-01-29 14:05:39', '2015-01-29 16:39:29', 'SF-00005', 2300, 930, 750, '底座外包304#拉丝不锈钢片，高弹海绵布艺，超软坐感，包面布', '原正制造', '东莞', null, '', 2, 21, '客厅', '沙发', null);
insert into t_single_product (product_id, name, picture_url_original, price_current, price_market, category_id, status, create_time, update_time, product_model, standard_long, standard_width, standard_high, feature, brand, made_in, delivery_city, graphic_description, first_contents, second_contents, first_contents_name, second_contents_name, thum_urm_url) values (25, '单人沙发', '["http://7u2lv8.com2.z0.glb.qiniucdn.com/FkMpopmsXNSGmCF6gdlrqVTfDTVg","","","",""]', 9999, 9999, 8, 1, '2015-01-29 14:07:28', '2015-01-29 17:19:24', 'SF-00004', 950, 900, 730, '包304#拉丝不锈钢脚座及内铁架，皮革座椅，包皮料', '原正制造', '东莞', null, '', 2, 21, '客厅', '沙发', null);
insert into t_single_product (product_id, name, picture_url_original, price_current, price_market, category_id, status, create_time, update_time, product_model, standard_long, standard_width, standard_high, feature, brand, made_in, delivery_city, graphic_description, first_contents, second_contents, first_contents_name, second_contents_name, thum_urm_url) values (26, '角几', '["http://7u2lv8.com2.z0.glb.qiniucdn.com/FgbLDnqS9zwI0nChMzg-S5qYFHlq","","","",""]', 9999, 9999, 9, 1, '2015-01-29 14:14:24', '2015-01-29 16:37:57', 'BJ-00004', 450, 550, 600, '包黑色烤漆铁底座，台面参考右图（做托盘造型，水曲柳木皮贴面）', '原正制造', '东莞', null, '', 2, 22, '客厅', '茶几', null);
insert into t_single_product (product_id, name, picture_url_original, price_current, price_market, category_id, status, create_time, update_time, product_model, standard_long, standard_width, standard_high, feature, brand, made_in, delivery_city, graphic_description, first_contents, second_contents, first_contents_name, second_contents_name, thum_urm_url) values (27, '边几', ' ', 9999, 9999, 9, 1, '2015-01-29 14:16:12', '2015-01-29 16:37:32', 'BJ-00003', 300, 300, 600, '304#不锈钢全个电镀铜色', '原正制造', '东莞', null, '', 2, 22, '客厅', '茶几', null);
insert into t_single_product (product_id, name, picture_url_original, price_current, price_market, category_id, status, create_time, update_time, product_model, standard_long, standard_width, standard_high, feature, brand, made_in, delivery_city, graphic_description, first_contents, second_contents, first_contents_name, second_contents_name, thum_urm_url) values (28, '坐咕', '["http://7u2lv8.com2.z0.glb.qiniucdn.com/FrKWRDDhyzu_9GVPewr2HkPYgaGB","","","",""]', 9999, 9999, 13, 1, '2015-01-29 14:20:15', '2015-01-29 16:37:09', 'YZ-00006', 400, 400, 450, '实木框架，皮毛，包马毛皮料', '原正制造', '东莞', null, '', 2, 26, '客厅', '椅凳', null);
insert into t_single_product (product_id, name, picture_url_original, price_current, price_market, category_id, status, create_time, update_time, product_model, standard_long, standard_width, standard_high, feature, brand, made_in, delivery_city, graphic_description, first_contents, second_contents, first_contents_name, second_contents_name, thum_urm_url) values (29, '电视柜', '["http://7u2lv8.com2.z0.glb.qiniucdn.com/FiEkIi19RAkG_jbhk308Rfhghvv4","","","",""]', 9999, 9999, 10, 1, '2015-01-29 14:21:26', '2015-01-29 16:36:31', 'DSG-00004', 1800, 420, 500, '桦木及桦木皮饰面，开放漆，包镀铜钢底座', '原正制造', '东莞', null, '', 2, 23, '客厅', '电视柜', null);
insert into t_single_product (product_id, name, picture_url_original, price_current, price_market, category_id, status, create_time, update_time, product_model, standard_long, standard_width, standard_high, feature, brand, made_in, delivery_city, graphic_description, first_contents, second_contents, first_contents_name, second_contents_name, thum_urm_url) values (30, '隔板', '["http://7u2lv8.com2.z0.glb.qiniucdn.com/FtJO848HsFgFEIj8Xwuobz83cmra","","","",""]', 9999, 9999, 15, 1, '2015-01-29 14:22:45', '2015-01-29 16:35:59', 'GB-00001', 900, 350, 50, '桦木皮饰面，开放漆，包内藏不锈钢通支撑', '原正制造', '东莞', null, '', 2, 28, '客厅', '装饰架', null);
insert into t_single_product (product_id, name, picture_url_original, price_current, price_market, category_id, status, create_time, update_time, product_model, standard_long, standard_width, standard_high, feature, brand, made_in, delivery_city, graphic_description, first_contents, second_contents, first_contents_name, second_contents_name, thum_urm_url) values (31, '餐桌', '["http://7u2lv8.com2.z0.glb.qiniucdn.com/Foyk5XmaFHsCBX2Z1LWi9409W86Y","","","",""]', 9999, 9999, 16, 1, '2015-01-29 14:24:22', '2015-01-29 16:35:10', 'CZ-00002', 1600, 800, 750, '桦木实木拼板造，清漆半哑', '原正制造', '东莞', null, '', 3, 31, '餐厅', '餐桌', null);
insert into t_single_product (product_id, name, picture_url_original, price_current, price_market, category_id, status, create_time, update_time, product_model, standard_long, standard_width, standard_high, feature, brand, made_in, delivery_city, graphic_description, first_contents, second_contents, first_contents_name, second_contents_name, thum_urm_url) values (32, '茶几', '["http://7u2lv8.com2.z0.glb.qiniucdn.com/FhDpoUlJMdxr8Ib13l3JR_Ued8Bp","","","",""]', 9999, 9999, 9, 1, '2015-01-29 14:27:42', '2015-02-02 14:02:59', 'CJ-00003', 1, 620420, 320260, '全个黑色7分光烤漆铁架，黑色烤漆铁盘台面', '原正制造', '东莞', null, '', 2, 22, '客厅', '茶几', null);
insert into t_single_product (product_id, name, picture_url_original, price_current, price_market, category_id, status, create_time, update_time, product_model, standard_long, standard_width, standard_high, feature, brand, made_in, delivery_city, graphic_description, first_contents, second_contents, first_contents_name, second_contents_name, thum_urm_url) values (33, '餐椅', '["http://7u2lv8.com2.z0.glb.qiniucdn.com/Ft_POjxRCiLt5FoxMHsjPU_keA26","","","",""]', 9999, 9999, 17, 1, '2015-01-29 14:29:00', '2015-01-29 16:34:01', 'YZ-00005', 500, 560, 860, '包烤漆铁架（定制绿色）及内铁网，布艺，包面布，客方自购成品', '原正制造', '东莞', null, '', 3, 32, '餐厅', '餐椅', null);
insert into t_single_product (product_id, name, picture_url_original, price_current, price_market, category_id, status, create_time, update_time, product_model, standard_long, standard_width, standard_high, feature, brand, made_in, delivery_city, graphic_description, first_contents, second_contents, first_contents_name, second_contents_name, thum_urm_url) values (34, '餐边柜', '["http://7u2lv8.com2.z0.glb.qiniucdn.com/FkRWty8Bmbdl20asOcOKrt7f1M31","","","",""]', 9999, 9999, 18, 1, '2015-01-29 14:30:23', '2015-01-29 16:33:37', 'CBG-00001', 1350, 340, 850, '桦木实木脚，MDF板，彩绘漆面色半哑光漆，漆画效果，定制镀铜拉手，包东泰自弹路轨', '原正制造', '东莞', null, '', 3, 33, '餐厅', '餐边柜', null);
insert into t_single_product (product_id, name, picture_url_original, price_current, price_market, category_id, status, create_time, update_time, product_model, standard_long, standard_width, standard_high, feature, brand, made_in, delivery_city, graphic_description, first_contents, second_contents, first_contents_name, second_contents_name, thum_urm_url) values (35, '衣柜', '["http://7u2lv8.com2.z0.glb.qiniucdn.com/FoZKZMb7GS0MUbaHzc5QQ93-j2sG","","","",""]', 5000, 10000, 3, 1, '2015-01-29 14:31:09', '2015-02-02 14:14:10', 'YG-00004', 1, 600, 1700, '高弹力海绵扪仿皮饰面（皮面透气性好，防虫，防滑，不退色，海绵采用高密度低燃性泡胶，表面有防氧化层）/天然山纹胡桃饰面/桦木索胡桃木色/金属挂衣杆，油漆三底两面。', '森源制造', '深圳', null, '', 1, 13, '卧室', '衣柜', null);
insert into t_single_product (product_id, name, picture_url_original, price_current, price_market, category_id, status, create_time, update_time, product_model, standard_long, standard_width, standard_high, feature, brand, made_in, delivery_city, graphic_description, first_contents, second_contents, first_contents_name, second_contents_name, thum_urm_url) values (36, '床', '["http://7u2lv8.com2.z0.glb.qiniucdn.com/Fq8v9Lgn7OtndDspuqUmNvdl-cCV","","","",""]', 9999, 9999, 1, 1, '2015-01-29 14:32:23', '2015-01-29 16:32:37', 'C-00005', 16001500, 21002000, 1100, '桦木及桦木皮饰面，深色半哑光漆，皮革，另计床垫，包布料', '原正制造', '东莞', null, '', 1, 11, '卧室', '床', null);
insert into t_single_product (product_id, name, picture_url_original, price_current, price_market, category_id, status, create_time, update_time, product_model, standard_long, standard_width, standard_high, feature, brand, made_in, delivery_city, graphic_description, first_contents, second_contents, first_contents_name, second_contents_name, thum_urm_url) values (37, '可折叠式床头柜', '["http://7u2lv8.com2.z0.glb.qiniucdn.com/FuNUmbQ6CBxcpz9cFqxZIZ99CgV4","","","",""]', 9999, 9999, 2, 1, '2015-01-29 14:33:38', '2015-01-29 16:32:09', 'CTG-00005', 500, 420, 550, '桦木及桦木皮饰面，可折叠，包镀铜钢件', '原正制造', '东莞', null, '', 1, 12, '卧室', '床头柜', null);
insert into t_single_product (product_id, name, picture_url_original, price_current, price_market, category_id, status, create_time, update_time, product_model, standard_long, standard_width, standard_high, feature, brand, made_in, delivery_city, graphic_description, first_contents, second_contents, first_contents_name, second_contents_name, thum_urm_url) values (38, '电视柜', '["http://7u2lv8.com2.z0.glb.qiniucdn.com/FkPyOLBXQc_Nx9ItXXmmkbWSWcrG","","","",""]', 9999, 9999, 10, 1, '2015-01-29 14:35:40', '2015-01-29 16:31:46', 'DSG-00005', 1300, 380, 500, '包铜色金属脚座，水曲柳饰面色开放漆，内壁浅灰色漆', '原正制造', '东莞', null, '', 2, 23, '客厅', '电视柜', null);
insert into t_single_product (product_id, name, picture_url_original, price_current, price_market, category_id, status, create_time, update_time, product_model, standard_long, standard_width, standard_high, feature, brand, made_in, delivery_city, graphic_description, first_contents, second_contents, first_contents_name, second_contents_name, thum_urm_url) values (39, '电视柜', '["http://7u2lv8.com2.z0.glb.qiniucdn.com/FlAbOOH1XFz-6aN8aUr1heTAIBw6","","","",""]', 5000, 10000, 10, 1, '2015-01-29 14:36:49', '2015-02-02 14:15:34', 'DSG-00004', 1500, 350, 1, '天然山纹胡桃木皮（厚度大于0.6mm，无虎斑、水波纹、蓝斑。）/桦木索山纹胡桃木色（桦木做的家具易加工，抗用，切面光滑，油漆和胶合性能好，纹理直且明显，材质结构细腻而柔和光滑）易涂宝漆：光泽均匀，硬度高，抗刮性强，不退色，三底两面。', '森源制造', '深圳', null, '', 2, 23, '客厅', '电视柜', null);
insert into t_single_product (product_id, name, picture_url_original, price_current, price_market, category_id, status, create_time, update_time, product_model, standard_long, standard_width, standard_high, feature, brand, made_in, delivery_city, graphic_description, first_contents, second_contents, first_contents_name, second_contents_name, thum_urm_url) values (40, '床（不含床垫）', '["http://7u2lv8.com2.z0.glb.qiniucdn.com/FuoUiDt2ZG9tMOoWEjbWuhgbYshf","","","",""]', 9999, 9999, 1, 1, '2015-01-29 14:38:12', '2015-01-29 16:30:34', 'C-00004', 1900, 2000, 1200, '桦木及桦木皮饰面，深色半哑光漆，另计床垫（床架宽1350，床垫1350*2000）', '原正制造', '东莞', null, '', 1, 11, '卧室', '床', null);
insert into t_single_product (product_id, name, picture_url_original, price_current, price_market, category_id, status, create_time, update_time, product_model, standard_long, standard_width, standard_high, feature, brand, made_in, delivery_city, graphic_description, first_contents, second_contents, first_contents_name, second_contents_name, thum_urm_url) values (41, '床头柜', '["http://7u2lv8.com2.z0.glb.qiniucdn.com/Fi41kICV1prfcUEYweTJoID3EaiA","","","",""]', 9999, 9999, 2, 1, '2015-01-29 14:39:39', '2015-01-29 16:30:00', 'CTG-00004', 1, 400, 550, '桦木实木拼板造台面，桦木脚，包镀铜脚套', '原正制造', '东莞', null, '', 1, 12, '卧室', '床头柜', null);
insert into t_single_product (product_id, name, picture_url_original, price_current, price_market, category_id, status, create_time, update_time, product_model, standard_long, standard_width, standard_high, feature, brand, made_in, delivery_city, graphic_description, first_contents, second_contents, first_contents_name, second_contents_name, thum_urm_url) values (42, '儿童椅', '["http://7u2lv8.com2.z0.glb.qiniucdn.com/FpcyjHiQILBBOxwuJKOZYeaFP3Hv","","","",""]', 2000, 5000, 25, 1, '2015-01-29 14:39:54', '2015-01-30 16:41:04', 'YZ-00005', 450, 420, 800, '高弹力海绵扪仿皮饰面（皮面透气性好，防虫，防滑，不退色，海绵采用高密度低燃性泡胶，表面有防氧化层）/桦木索绿色脚（桦木做的家具易加工，抗用，切面光滑，油漆和胶合性能好，纹理直且明显，材质结构细腻而柔和光滑）易涂宝漆：光泽均匀，硬度高，抗刮性强，不退色，三底两面/彩绘。', '森源制造', '深圳', null, '', 5, 55, '儿童房', '儿童椅', null);
insert into t_single_product (product_id, name, picture_url_original, price_current, price_market, category_id, status, create_time, update_time, product_model, standard_long, standard_width, standard_high, feature, brand, made_in, delivery_city, graphic_description, first_contents, second_contents, first_contents_name, second_contents_name, thum_urm_url) values (43, '衣柜', '["http://7u2lv8.com2.z0.glb.qiniucdn.com/FmMRpRQ2Cl-iHFRTiq05AJd2A6fW","","","",""]', 9999, 9999, 3, 1, '2015-01-29 14:40:58', '2015-01-29 16:28:54', 'YG-00004', 1400, 4500, 2100, 'MDF板造黑色漆，包局部手绘图案，包镜面不锈钢通底座', '原装制造', '东莞', null, '', 1, 13, '卧室', '衣柜', null);
insert into t_single_product (product_id, name, picture_url_original, price_current, price_market, category_id, status, create_time, update_time, product_model, standard_long, standard_width, standard_high, feature, brand, made_in, delivery_city, graphic_description, first_contents, second_contents, first_contents_name, second_contents_name, thum_urm_url) values (44, '儿童书椅', '["http://7u2lv8.com2.z0.glb.qiniucdn.com/FooEBCGHuXLlEBKvSHFewyBYSIZS","","","",""]', 3000, 5000, 26, 1, '2015-01-29 14:41:40', '2015-01-30 16:41:16', 'YZ-00004', 1200, 600, 750, '硬扪真皮饰面（皮面透气性好，防虫，防滑，不退色，海绵采用高密度低燃性泡胶，表面有防氧化层）。', '森源制造', '深圳', null, '', 5, 56, '儿童房', '儿童柜', null);
insert into t_single_product (product_id, name, picture_url_original, price_current, price_market, category_id, status, create_time, update_time, product_model, standard_long, standard_width, standard_high, feature, brand, made_in, delivery_city, graphic_description, first_contents, second_contents, first_contents_name, second_contents_name, thum_urm_url) values (45, '衣柜', '["http://7u2lv8.com2.z0.glb.qiniucdn.com/FidYepb38S4q6Jok6FCG5KFknAxp","","","",""]', 3000, 5000, 26, 1, '2015-01-29 14:43:19', '2015-02-02 14:09:09', 'YG-00003', 900, 600, 2100, '桦木实木雕刻红色混水漆饰面（桦木做的家具易加工，抗用，切面光滑，油漆和胶合性能好，纹理直且明显，材质结构细腻而柔和光滑）易涂宝漆：光泽均匀，硬度高，抗刮性强，不退色，三底两面。', '森源制造', '深圳', null, '', 5, 56, '儿童房', '儿童柜', null);
insert into t_single_product (product_id, name, picture_url_original, price_current, price_market, category_id, status, create_time, update_time, product_model, standard_long, standard_width, standard_high, feature, brand, made_in, delivery_city, graphic_description, first_contents, second_contents, first_contents_name, second_contents_name, thum_urm_url) values (46, '墙柜', '["http://7u2lv8.com2.z0.glb.qiniucdn.com/FpEjh6RCtFnoDxIEa01BHcLRqLQi","","","",""]', 9999, 9999, 26, 1, '2015-01-29 14:44:12', '2015-01-29 16:26:45', 'ZSG-00003', 400, 400, 1200, '夹板造，批灰油漆', '原正制造', '东莞', null, '', 5, 56, '儿童房', '儿童柜', null);
insert into t_single_product (product_id, name, picture_url_original, price_current, price_market, category_id, status, create_time, update_time, product_model, standard_long, standard_width, standard_high, feature, brand, made_in, delivery_city, graphic_description, first_contents, second_contents, first_contents_name, second_contents_name, thum_urm_url) values (47, '休闲沙发', '["http://7u2lv8.com2.z0.glb.qiniucdn.com/Fq7C1SoJj5d2hQp5BZAPGWwQGt8H","","","",""]', 3000, 6000, 7, 1, '2015-01-29 14:45:41', '2015-02-02 14:08:57', 'SF-00011', 685, 523, 830, '高弹力海绵扪布饰面(面料采用优质绒布，不掉绒，不退色，舒适，柔软，海绵采用高密度低燃性泡胶，表面有防氧化层）/桦木索白色混水漆脚/6MM豆角线/D16布艺拉扣，油漆三底两面。', '森源制造', '深圳', null, '', 1, 17, '卧室', '床尾凳', null);
insert into t_single_product (product_id, name, picture_url_original, price_current, price_market, category_id, status, create_time, update_time, product_model, standard_long, standard_width, standard_high, feature, brand, made_in, delivery_city, graphic_description, first_contents, second_contents, first_contents_name, second_contents_name, thum_urm_url) values (48, '书椅', '["http://7u2lv8.com2.z0.glb.qiniucdn.com/FuguoyDb9gv8GNPUat1jUbuJ--14","","","",""]', 9999, 9999, 21, 1, '2015-01-29 14:45:55', '2015-01-29 16:25:27', 'YZ-00004', 640, 600, 850, '桦木实木架深色半哑光漆，皮革，加滚轮，包皮料', '原正制造', '东莞', null, '', 4, 43, '书房', '书椅/转椅', null);
insert into t_single_product (product_id, name, picture_url_original, price_current, price_market, category_id, status, create_time, update_time, product_model, standard_long, standard_width, standard_high, feature, brand, made_in, delivery_city, graphic_description, first_contents, second_contents, first_contents_name, second_contents_name, thum_urm_url) values (49, '书柜', '["http://7u2lv8.com2.z0.glb.qiniucdn.com/FkSvmD4EbHc3uERVT0tCGxAGynfX","","","",""]', 9999, 9999, 20, 1, '2015-01-29 14:47:25', '2015-01-29 16:25:04', 'SG-00003', 1900, 2800, 2000, 'MDF中度纤维板造，批灰油漆', '原正制造', '东莞', null, '', 4, 42, '书房', '书柜/书架', null);
insert into t_single_product (product_id, name, picture_url_original, price_current, price_market, category_id, status, create_time, update_time, product_model, standard_long, standard_width, standard_high, feature, brand, made_in, delivery_city, graphic_description, first_contents, second_contents, first_contents_name, second_contents_name, thum_urm_url) values (50, '电视柜', '["http://7u2lv8.com2.z0.glb.qiniucdn.com/Fof191BkBxIagMEgaqQHdPlLWx7y","","","",""]', 3000, 6000, 10, 1, '2015-01-29 14:47:39', '2015-02-02 14:14:57', 'DSG-00003', 1600, 400, 510, '镜面不锈钢脚架(不锈钢钢采用真空镀膜技术镀出的膜层，具有高硬度，高耐磨性，很好的耐腐蚀性及化学稳定性，寿命更长等特点，)/白色混水漆/金属定制拉手。', '森源制造', '深圳', null, '', 2, 23, '客厅', '电视柜', null);
insert into t_single_product (product_id, name, picture_url_original, price_current, price_market, category_id, status, create_time, update_time, product_model, standard_long, standard_width, standard_high, feature, brand, made_in, delivery_city, graphic_description, first_contents, second_contents, first_contents_name, second_contents_name, thum_urm_url) values (51, '户外休闲椅.不淋雨', '["http://7u2lv8.com2.z0.glb.qiniucdn.com/FrJzWUgTeb3-mf9wQUnfboClB4Zo","","","",""]', 9999, 9999, 28, 1, '2015-01-29 14:49:51', '2015-01-29 16:23:50', 'YZ-00003', 600, 645, 730, '桦木实木框架，包织线绳，包面布', '原正制造', '东莞', null, '', 6, 61, '阳台', '户外椅', null);
insert into t_single_product (product_id, name, picture_url_original, price_current, price_market, category_id, status, create_time, update_time, product_model, standard_long, standard_width, standard_high, feature, brand, made_in, delivery_city, graphic_description, first_contents, second_contents, first_contents_name, second_contents_name, thum_urm_url) values (52, '椅子', '["http://7u2lv8.com2.z0.glb.qiniucdn.com/Fnr5rC1lYmUb9pqKUfKZtttw6eOy","","","",""]', 2000, 5000, 7, 1, '2015-01-29 14:51:19', '2015-02-02 14:07:34', 'YZ-00002', 550, 450, 830, '高弹力海绵扪布饰面（快干海绵，防水布）(面料采用优质绒布，不掉绒，不退色，舒适，柔软，海绵采用高密度低燃性泡胶，表面有防氧化层）/镜面玫瑰金不锈钢管脚架（实心，防水防锈处理）(不锈钢钢采用真空镀膜技术镀出的膜层，具有高硬度，高耐磨性，很好的耐腐蚀性及化学稳定性，寿命更长等特点，)/橡胶脚垫。', '森源制造', '深圳', null, '', 1, 17, '卧室', '床尾凳', null);
insert into t_single_product (product_id, name, picture_url_original, price_current, price_market, category_id, status, create_time, update_time, product_model, standard_long, standard_width, standard_high, feature, brand, made_in, delivery_city, graphic_description, first_contents, second_contents, first_contents_name, second_contents_name, thum_urm_url) values (53, '三人沙发', '["http://7u2lv8.com2.z0.glb.qiniucdn.com/FpcTMpuqilNhVocfL5ae1lPD0r1X","","","",""]', 9999, 9999, 8, 1, '2015-01-29 14:51:44', '2015-01-29 17:09:08', 'SF-00006', 2200, 900, 850, '桦木实木脚，高弹海棉，布艺，包沙发面布', '原正制造', '东莞', null, '', 2, 21, '客厅', '沙发', null);
insert into t_single_product (product_id, name, picture_url_original, price_current, price_market, category_id, status, create_time, update_time, product_model, standard_long, standard_width, standard_high, feature, brand, made_in, delivery_city, graphic_description, first_contents, second_contents, first_contents_name, second_contents_name, thum_urm_url) values (54, '梳妆台', '["http://7u2lv8.com2.z0.glb.qiniucdn.com/FsHggdu2QM0oAg-Y55MDI2wx0Vs5","","","",""]', 2000, 5000, 5, 1, '2015-01-29 14:52:33', '2015-02-02 14:04:34', 'SZT-00001', 1000, 500, 750, '白色混水漆/镜面不锈钢脚架（防指纹防污处理）(不锈钢钢采用真空镀膜技术镀出的膜层，具有高硬度，高耐磨性，很好的耐腐蚀性及化学稳定性，寿命更长等特点，)/橡胶垫，油漆三底两面。', '森源制造', '深圳', null, '', 1, 15, '卧室', '妆台', null);
insert into t_single_product (product_id, name, picture_url_original, price_current, price_market, category_id, status, create_time, update_time, product_model, standard_long, standard_width, standard_high, feature, brand, made_in, delivery_city, graphic_description, first_contents, second_contents, first_contents_name, second_contents_name, thum_urm_url) values (55, '单人沙发', '["http://7u2lv8.com2.z0.glb.qiniucdn.com/FifT2PRbsiHTeVxEsBUZLpMOHtXe","","","",""]', 9999, 9999, 8, 1, '2015-01-29 14:53:25', '2015-01-29 17:18:27', 'SF-00003', 800, 780, 1150, '桦木实木脚见右下角效果，高弹海棉，布艺，包沙发面布', '原正制造', '东莞', null, '', 2, 21, '客厅', '沙发', null);
insert into t_single_product (product_id, name, picture_url_original, price_current, price_market, category_id, status, create_time, update_time, product_model, standard_long, standard_width, standard_high, feature, brand, made_in, delivery_city, graphic_description, first_contents, second_contents, first_contents_name, second_contents_name, thum_urm_url) values (56, '梳妆镜', '["http://7u2lv8.com2.z0.glb.qiniucdn.com/FoQUgmH3AavCfncdDBzdLZjfPROn","","","",""]', 1000, 3000, 5, 1, '2015-01-29 14:54:05', '2015-01-30 16:39:52', 'SZJ-00001', 954, 513, 740, 'T5mm银镜/桦木索白色混水漆（桦木做的家具易加工，抗用，切面光滑，油漆和胶合性能好，纹理直且明显，材质结构细腻而柔和光滑）易涂宝漆：光泽均匀，硬度高，抗刮性强，不退色，三底两面。', '森源制造', '深圳', null, '', 1, 15, '卧室', '妆台', null);
insert into t_single_product (product_id, name, picture_url_original, price_current, price_market, category_id, status, create_time, update_time, product_model, standard_long, standard_width, standard_high, feature, brand, made_in, delivery_city, graphic_description, first_contents, second_contents, first_contents_name, second_contents_name, thum_urm_url) values (57, '茶几', '["http://7u2lv8.com2.z0.glb.qiniucdn.com/FiV9xLo-c2Umj2mlNYhXFcD-WcO6","","","",""]', 9999, 9999, 9, 1, '2015-01-29 14:54:54', '2015-01-29 16:21:02', 'CJ-00002', 1, 850, 450, '包电镀铜钢架，包台面（雅士白）石材计1300元/M2', '原正制造', '东莞', null, '', 2, 22, '客厅', '茶几', null);
insert into t_single_product (product_id, name, picture_url_original, price_current, price_market, category_id, status, create_time, update_time, product_model, standard_long, standard_width, standard_high, feature, brand, made_in, delivery_city, graphic_description, first_contents, second_contents, first_contents_name, second_contents_name, thum_urm_url) values (58, '床头柜', '["http://7u2lv8.com2.z0.glb.qiniucdn.com/FktSNy-wfW6Vjtcu9AOk2jz3XnvX","","","",""]', 2000, 5000, 2, 1, '2015-01-29 14:55:25', '2015-02-02 14:05:40', 'CTG-00001', 500, 500, 450, '镜面不锈钢钢脚(不锈钢钢采用真空镀膜技术镀出的膜层，具有高硬度，高耐磨性，很好的耐腐蚀性及化学稳定性，寿命更长等特点，)/白色混水漆/金属拉手/尼龙脚垫，油漆三底两面。', '森源制造', '深圳', null, '', 1, 12, '卧室', '床头柜', null);
insert into t_single_product (product_id, name, picture_url_original, price_current, price_market, category_id, status, create_time, update_time, product_model, standard_long, standard_width, standard_high, feature, brand, made_in, delivery_city, graphic_description, first_contents, second_contents, first_contents_name, second_contents_name, thum_urm_url) values (59, '角几', '["http://7u2lv8.com2.z0.glb.qiniucdn.com/FvK_AzKkuiN2A19XRTQIkb9JTa24","","","",""]', 9999, 9999, 9, 1, '2015-01-29 14:56:03', '2015-01-29 16:19:44', 'CJ-00001', 1, 400, 650, '全个电镀铜钢架及托盘', '原正制造', '东莞', null, '', 2, 22, '客厅', '茶几', null);
insert into t_single_product (product_id, name, picture_url_original, price_current, price_market, category_id, status, create_time, update_time, product_model, standard_long, standard_width, standard_high, feature, brand, made_in, delivery_city, graphic_description, first_contents, second_contents, first_contents_name, second_contents_name, thum_urm_url) values (60, '床尾凳', '["http://7u2lv8.com2.z0.glb.qiniucdn.com/FlYDlSiDCHPMT1ZBd8ATZBBV7ELL","","","",""]', 1000, 5000, 7, 1, '2015-01-29 14:57:05', '2015-01-30 16:39:26', 'CWD-00001', 1600, 450, 450, '桦木实木索胡桃木色脚（桦木做的家具易加工，抗用，切面光滑，油漆和胶合性能好，纹理直且明显，材质结构细腻而柔和光滑）易涂宝漆：光泽均匀，硬度高，抗刮性强，不退色，三底两面。', '森源制造', '深圳', null, '', 1, 17, '卧室', '床尾凳', null);
insert into t_single_product (product_id, name, picture_url_original, price_current, price_market, category_id, status, create_time, update_time, product_model, standard_long, standard_width, standard_high, feature, brand, made_in, delivery_city, graphic_description, first_contents, second_contents, first_contents_name, second_contents_name, thum_urm_url) values (61, '边几', '["http://7u2lv8.com2.z0.glb.qiniucdn.com/FmKjVPo3B7Rp86MD9ttl4HX0b_2Y","","","",""]', 9999, 9999, 9, 1, '2015-01-29 14:57:27', '2015-01-29 16:18:57', 'BJ-00003', 1, 380, 480, '实木框架象牙白开放漆，擦色做旧处理', '原正制造', '东莞', null, '', 2, 22, '客厅', '茶几', null);
insert into t_single_product (product_id, name, picture_url_original, price_current, price_market, category_id, status, create_time, update_time, product_model, standard_long, standard_width, standard_high, feature, brand, made_in, delivery_city, graphic_description, first_contents, second_contents, first_contents_name, second_contents_name, thum_urm_url) values (62, '壁炉型书柜', '["http://7u2lv8.com2.z0.glb.qiniucdn.com/Fq5mA0Q3lfbOLU6vYCF8p9QsfPdm","","","",""]', 9999, 9999, 20, 1, '2015-01-29 14:58:55', '2015-01-29 16:18:28', 'SG-00001', 1400, 400, 700, '桦木实木框架浅木色开放漆，表面擦色处理，内柜体油白色漆', '原正制造', '东莞', null, '', 4, 42, '书房', '书柜/书架', null);
insert into t_single_product (product_id, name, picture_url_original, price_current, price_market, category_id, status, create_time, update_time, product_model, standard_long, standard_width, standard_high, feature, brand, made_in, delivery_city, graphic_description, first_contents, second_contents, first_contents_name, second_contents_name, thum_urm_url) values (63, '床', '["http://7u2lv8.com2.z0.glb.qiniucdn.com/FnEaws0O4lgNFU4S429SJ4Zl42w3","","","",""]', 2000, 5000, 1, 1, '2015-01-29 14:59:34', '2015-02-02 14:11:34', 'C-00003', 2000, 1800, 0, '高弹力海绵扪布饰面(面料采用优质绒布，不掉绒，不退色，舒适，柔软，海绵采用高密度低燃性泡胶，表面有防氧化层）/镜面玫瑰金不锈钢饰面。', '森源制造', '深圳', null, '', 1, 11, '卧室', '床', null);
insert into t_single_product (product_id, name, picture_url_original, price_current, price_market, category_id, status, create_time, update_time, product_model, standard_long, standard_width, standard_high, feature, brand, made_in, delivery_city, graphic_description, first_contents, second_contents, first_contents_name, second_contents_name, thum_urm_url) values (64, '屏风', '["http://7u2lv8.com2.z0.glb.qiniucdn.com/Fo6H8c2y6Azz-SCW0uxiWadUxL3Y","","","",""]', 9999, 9999, 15, 1, '2015-01-29 15:01:38', '2015-01-29 16:17:23', 'ZSG-00002', 1900, 30, 1600, '桦木实木框架，双面手绘，半哑光漆面效果', '原正制造', '东莞', null, '', 2, 28, '客厅', '装饰架', null);
insert into t_single_product (product_id, name, picture_url_original, price_current, price_market, category_id, status, create_time, update_time, product_model, standard_long, standard_width, standard_high, feature, brand, made_in, delivery_city, graphic_description, first_contents, second_contents, first_contents_name, second_contents_name, thum_urm_url) values (65, '茶几', '["http://7u2lv8.com2.z0.glb.qiniucdn.com/Fnq89lKMcZmfAWXBXQOo7Uus8ZQ7","","","",""]', 1000, 3000, 9, 1, '2015-01-29 15:02:13', '2015-02-02 14:26:33', 'CJ-00001', 500, 550, 0, '台面为T20mm云石（爵士白是属于A类的大理石，质感丰富，条纹清晰，促使装饰的装饰物常有强烈的文化和历史韵味）,镜面不锈钢脚(防指纹处理)(不锈钢钢采用真空镀膜技术镀出的膜层，具有高硬度，高耐磨性，很好的耐腐蚀性及化学稳定性，寿命更长等特点，)', '森源制造', '深圳', null, '', 2, 22, '客厅', '茶几', null);
insert into t_single_product (product_id, name, picture_url_original, price_current, price_market, category_id, status, create_time, update_time, product_model, standard_long, standard_width, standard_high, feature, brand, made_in, delivery_city, graphic_description, first_contents, second_contents, first_contents_name, second_contents_name, thum_urm_url) values (66, '餐桌', '["http://7u2lv8.com2.z0.glb.qiniucdn.com/FvCUdXGedvjwytcXO6lMALNlE7lS","","","",""]', 9999, 9999, 16, 1, '2015-01-29 15:03:10', '2015-01-29 16:16:48', 'CZ-00001', 1700, 800, 750, '桦木及桦木皮饰面，浅色哑光开放漆，表面擦色做旧处理', '原正制造', '东莞', null, '', 3, 31, '餐厅', '餐桌', null);
insert into t_single_product (product_id, name, picture_url_original, price_current, price_market, category_id, status, create_time, update_time, product_model, standard_long, standard_width, standard_high, feature, brand, made_in, delivery_city, graphic_description, first_contents, second_contents, first_contents_name, second_contents_name, thum_urm_url) values (67, '餐椅', '["http://7u2lv8.com2.z0.glb.qiniucdn.com/FnxXgP3ExrbR6jD5YME6no0aC37p","","","",""]', 9999, 9999, 17, 1, '2015-01-29 15:04:18', '2015-01-29 16:16:14', 'YZ-00003', 490, 580, 850, '实木架白色半哑光漆，布艺坐垫，包面布', '原正制造', '东莞', null, '', 3, 32, '餐厅', '餐椅', null);
insert into t_single_product (product_id, name, picture_url_original, price_current, price_market, category_id, status, create_time, update_time, product_model, standard_long, standard_width, standard_high, feature, brand, made_in, delivery_city, graphic_description, first_contents, second_contents, first_contents_name, second_contents_name, thum_urm_url) values (68, '床（不含床垫）', '["http://7u2lv8.com2.z0.glb.qiniucdn.com/FhoAehe_-5UURw_iMbM81dZJv6iM","","","",""]', 9999, 9999, 1, 1, '2015-01-29 15:06:34', '2015-01-29 16:15:46', 'C-00002', 1950, 2100, 1300, '桦木实木框架，局部雕花，局部扪藤，做旧擦色，另计床垫（床垫1800*2000）', '原正制造', '东莞', null, '', 1, 11, '卧室', '床', null);
insert into t_single_product (product_id, name, picture_url_original, price_current, price_market, category_id, status, create_time, update_time, product_model, standard_long, standard_width, standard_high, feature, brand, made_in, delivery_city, graphic_description, first_contents, second_contents, first_contents_name, second_contents_name, thum_urm_url) values (69, '电视柜', '["http://7u2lv8.com2.z0.glb.qiniucdn.com/FreaFuUeT4Fy-j7horA0JP1i9SpM","","","",""]', 2000, 5000, 10, 1, '2015-01-29 15:06:49', '2015-02-02 13:59:00', 'DSG-00004', 1200, 300, 750, '柜门白色山纹白橡，其他黑色山纹白橡（厚度大于0.6mm，无虎斑、水波纹、蓝斑。）/镜面玫瑰金不锈钢脚(不锈钢钢采用真空镀膜技术镀出的膜层，具有高硬度，高耐磨性，很好的耐腐蚀性及化学稳定性，寿命更长等特点，)易涂宝漆：光泽均匀，硬度高，抗刮性强，不退色。', '森源制造', '深圳', null, '', 2, 23, '客厅', '电视柜', null);
insert into t_single_product (product_id, name, picture_url_original, price_current, price_market, category_id, status, create_time, update_time, product_model, standard_long, standard_width, standard_high, feature, brand, made_in, delivery_city, graphic_description, first_contents, second_contents, first_contents_name, second_contents_name, thum_urm_url) values (70, '床头柜.一高一低', '["http://7u2lv8.com2.z0.glb.qiniucdn.com/FlC1fUn6KUVYMpw3og4vCse6IfWy","","","",""]', 9999, 9999, 2, 1, '2015-01-29 15:08:37', '2015-01-29 16:15:09', 'CTG-00002', 1, 500, 620, '包铁架外扪藤，包台面清镜片', '原正制造', '东莞', null, '', 1, 12, '卧室', '床头柜', null);
insert into t_single_product (product_id, name, picture_url_original, price_current, price_market, category_id, status, create_time, update_time, product_model, standard_long, standard_width, standard_high, feature, brand, made_in, delivery_city, graphic_description, first_contents, second_contents, first_contents_name, second_contents_name, thum_urm_url) values (71, '电视柜', '["http://7u2lv8.com2.z0.glb.qiniucdn.com/FpHx8q9pRoeVkCYxkGnrT4jN9X8j","","","",""]', 9999, 9999, 10, 1, '2015-01-29 15:09:53', '2015-01-29 16:14:22', 'DSG-00001', 1500, 420, 620, '白橡木及白橡木皮饰面，象牙白开放漆，镜面处做贝母漆', '原正制造', '东莞', null, '', 2, 23, '客厅', '电视柜', null);
insert into t_single_product (product_id, name, picture_url_original, price_current, price_market, category_id, status, create_time, update_time, product_model, standard_long, standard_width, standard_high, feature, brand, made_in, delivery_city, graphic_description, first_contents, second_contents, first_contents_name, second_contents_name, thum_urm_url) values (72, '休闲椅', '["http://7u2lv8.com2.z0.glb.qiniucdn.com/FudS2oiGQUPyKuPa6YeZj2S4r-rC","","","",""]', 9999, 9999, 1, 1, '2015-01-29 15:11:11', '2015-01-29 16:13:41', 'YZ-00002', 670, 650, 1000, '实木框架仿藤编制工艺+局部雕花，象牙白色开放漆，脚座金属细节，包面布', '原正制造', '东莞', null, '', 1, 11, '卧室', '床', null);
insert into t_single_product (product_id, name, picture_url_original, price_current, price_market, category_id, status, create_time, update_time, product_model, standard_long, standard_width, standard_high, feature, brand, made_in, delivery_city, graphic_description, first_contents, second_contents, first_contents_name, second_contents_name, thum_urm_url) values (73, '凳子', '["http://7u2lv8.com2.z0.glb.qiniucdn.com/FmCPCImd5OxgVWcaN-5SKLHlPDjn","","","",""]', 1000, 4000, 13, 1, '2015-01-29 15:11:14', '2015-02-02 14:06:56', 'DZ-00001', 500, 0, 0, '高弹力海绵扪仿皮饰面（面料采用优质麻布，不掉绒，不退色，舒适，柔软，海绵采用高密度低燃性泡胶，表面有防氧化层），内D6MM豆角线，尼龙脚垫。', '森源制造', '深圳', null, '', 2, 26, '客厅', '椅凳', null);
insert into t_single_product (product_id, name, picture_url_original, price_current, price_market, category_id, status, create_time, update_time, product_model, standard_long, standard_width, standard_high, feature, brand, made_in, delivery_city, graphic_description, first_contents, second_contents, first_contents_name, second_contents_name, thum_urm_url) values (74, '边几', '["http://7u2lv8.com2.z0.glb.qiniucdn.com/Fo1icQ1DYds0RcF2smDlSeR1u6-y","","","",""]', 9999, 9999, 9, 1, '2015-01-29 15:12:53', '2015-02-02 14:01:51', 'BJ-00002', 1, 380, 600, '包电镀铜钢架，包台（雪花白浅纹）大理石计1300元/M2', '原正制造', '东莞', null, '', 2, 22, '客厅', '茶几', null);
insert into t_single_product (product_id, name, picture_url_original, price_current, price_market, category_id, status, create_time, update_time, product_model, standard_long, standard_width, standard_high, feature, brand, made_in, delivery_city, graphic_description, first_contents, second_contents, first_contents_name, second_contents_name, thum_urm_url) values (75, '边几', '["http://7u2lv8.com2.z0.glb.qiniucdn.com/FtC2mgRSDxGCoAeW-x1FTD96JoSW","","","",""]', 1000, 4000, 15, 1, '2015-01-29 15:13:50', '2015-01-30 16:38:11', 'BJ-0001', 600, 450, 600, '枫木树榴木皮（厚度大于0.6mm，无虎斑、水波纹、蓝斑。易涂宝漆：光泽均匀，硬度高，抗刮性强，不退色/底座20*20mm亚克力支架。', '森源制造', '深圳', null, '', 2, 28, '客厅', '装饰架', null);
insert into t_single_product (product_id, name, picture_url_original, price_current, price_market, category_id, status, create_time, update_time, product_model, standard_long, standard_width, standard_high, feature, brand, made_in, delivery_city, graphic_description, first_contents, second_contents, first_contents_name, second_contents_name, thum_urm_url) values (76, '衣柜', '["http://7u2lv8.com2.z0.glb.qiniucdn.com/FoJk9YRGfn3VgiSTme5lROEmyE7X","","","",""]', 9999, 9999, 3, 1, '2015-01-29 15:14:12', '2015-01-29 16:10:59', 'YG-00002', 1500, 580, 2000, 'MDF中密度纤维板象牙白开放漆，（加右图熨斗架细节，具体尺寸图纸环节做进一步深化）', '原正制造', '东莞', null, '', 1, 13, '卧室', '衣柜', null);
insert into t_single_product (product_id, name, picture_url_original, price_current, price_market, category_id, status, create_time, update_time, product_model, standard_long, standard_width, standard_high, feature, brand, made_in, delivery_city, graphic_description, first_contents, second_contents, first_contents_name, second_contents_name, thum_urm_url) values (77, '床（不含床垫）', '["http://7u2lv8.com2.z0.glb.qiniucdn.com/Fj6fWugsYh_4K5t3PQVcnHPTRVTr","","","",""]', 9999, 9999, 27, 1, '2015-01-29 15:15:50', '2015-01-29 16:10:23', 'C-00001', 1600, 2100, 1500, '桦木实木框架，床屏及床架扪布,包面布，另计床垫（床垫1500*2000）', '原正制造', '东莞', null, '', 5, 51, '儿童房', '儿童床', null);
insert into t_single_product (product_id, name, picture_url_original, price_current, price_market, category_id, status, create_time, update_time, product_model, standard_long, standard_width, standard_high, feature, brand, made_in, delivery_city, graphic_description, first_contents, second_contents, first_contents_name, second_contents_name, thum_urm_url) values (78, '床头柜', '["http://7u2lv8.com2.z0.glb.qiniucdn.com/Fnz_Gx6M231QNm920AlDQnXHPSr-","","","",""]', 9999, 9999, 26, 1, '2015-01-29 15:16:57', '2015-01-29 16:09:42', 'CTG-00001', 1, 480, 560, 'MDF板及实木框架白色漆面7分光表面，围裙边', '原正制造', '东莞', null, '', 5, 56, '儿童房', '儿童柜', null);
insert into t_single_product (product_id, name, picture_url_original, price_current, price_market, category_id, status, create_time, update_time, product_model, standard_long, standard_width, standard_high, feature, brand, made_in, delivery_city, graphic_description, first_contents, second_contents, first_contents_name, second_contents_name, thum_urm_url) values (79, '衣柜', '["http://7u2lv8.com2.z0.glb.qiniucdn.com/FttelTHAhxyahIi4RoAVf1i4H4so","","","",""]', 9999, 9999, 23, 1, '2015-01-29 15:18:17', '2015-01-29 16:09:02', 'YG-00001', 1500, 550, 2100, '实木框架及MDF中密度纤维板色白色漆7分光，墙纸贴面，不包墙纸', '原正制造', '东莞', null, '', 5, 53, '儿童房', '儿童衣柜', null);
insert into t_single_product (product_id, name, picture_url_original, price_current, price_market, category_id, status, create_time, update_time, product_model, standard_long, standard_width, standard_high, feature, brand, made_in, delivery_city, graphic_description, first_contents, second_contents, first_contents_name, second_contents_name, thum_urm_url) values (80, '沙发', '["http://7u2lv8.com2.z0.glb.qiniucdn.com/FlTWaNO8S_TzMg-WKFlBulhA0FGx","","","",""]', 9999, 9999, 8, 1, '2015-01-29 15:20:34', '2015-01-29 17:07:33', 'SF-00002', 800, 1000, 630, '实木内架，高弹海棉，包面布', '原正制造', '东莞', null, '', 2, 21, '客厅', '沙发', null);
insert into t_single_product (product_id, name, picture_url_original, price_current, price_market, category_id, status, create_time, update_time, product_model, standard_long, standard_width, standard_high, feature, brand, made_in, delivery_city, graphic_description, first_contents, second_contents, first_contents_name, second_contents_name, thum_urm_url) values (81, '书桌', '["http://7u2lv8.com2.z0.glb.qiniucdn.com/FuF2p200CzKsKINmgZA88aNmLF-K","","","",""]', 9999, 9999, 19, 1, '2015-01-29 15:22:10', '2015-01-29 16:07:29', 'SZ-00001', 1000, 450, 730, '实木框架及MDF板，7分光白色漆+粉色漆', '原正制造', '东莞', null, '', 4, 41, '书房', '书桌/工作台', null);
insert into t_single_product (product_id, name, picture_url_original, price_current, price_market, category_id, status, create_time, update_time, product_model, standard_long, standard_width, standard_high, feature, brand, made_in, delivery_city, graphic_description, first_contents, second_contents, first_contents_name, second_contents_name, thum_urm_url) values (82, '书柜', '["http://7u2lv8.com2.z0.glb.qiniucdn.com/Fl3RLOcqt5RitD7wn_b4oTmM5YE_","","","",""]', 9999, 99999, 20, 1, '2015-01-29 15:23:34', '2015-01-29 16:06:56', 'SG-00002', 1400, 400, 2200, 'MDF板造，象牙白开放漆', '原正制造', '东莞', null, '', 4, 42, '书房', '书柜/书架', null);
insert into t_single_product (product_id, name, picture_url_original, price_current, price_market, category_id, status, create_time, update_time, product_model, standard_long, standard_width, standard_high, feature, brand, made_in, delivery_city, graphic_description, first_contents, second_contents, first_contents_name, second_contents_name, thum_urm_url) values (83, '休闲沙发', '["http://7u2lv8.com2.z0.glb.qiniucdn.com/FswtqqyfyvAv8HYoz-xGsrwK2nNW","","","",""]', 9999, 9999, 8, 1, '2015-01-29 15:24:58', '2015-01-29 17:07:12', 'SF-00001', 1500, 850, 800, '桦木实木脚，高弹海棉，包沙发面布', '原正制造', '东莞', null, '', 2, 21, '客厅', '沙发', null);
insert into t_single_product (product_id, name, picture_url_original, price_current, price_market, category_id, status, create_time, update_time, product_model, standard_long, standard_width, standard_high, feature, brand, made_in, delivery_city, graphic_description, first_contents, second_contents, first_contents_name, second_contents_name, thum_urm_url) values (84, '书柜', '["http://7u2lv8.com2.z0.glb.qiniucdn.com/Fs5DRRV1SbK1JYfZoqAMkyD66R4Z","","","",""]', 9999, 9999, 20, 1, '2015-01-29 15:27:48', '2015-01-29 16:05:51', 'SG-00001', 1, 380, 600, '包电镀铜钢架，包台面大理石（爵士白浅纹）', '原正制造', '东莞', null, '', 4, 42, '书房', '书柜/书架', null);
insert into t_single_product (product_id, name, picture_url_original, price_current, price_market, category_id, status, create_time, update_time, product_model, standard_long, standard_width, standard_high, feature, brand, made_in, delivery_city, graphic_description, first_contents, second_contents, first_contents_name, second_contents_name, thum_urm_url) values (85, '多功能储物柜架', '["http://7u2lv8.com2.z0.glb.qiniucdn.com/FrigfEpI72YpFynJrMuY6uw-f9Mi","","","",""]', 9999, 9999, 12, 1, '2015-01-29 15:29:19', '2015-01-29 16:04:47', 'ZSG-00001', 800, 300, 680, 'MDF板及实木架，白色漆7分光表面', '原正制造', '东莞', null, '', 2, 25, '客厅', '装饰柜', null);
insert into t_single_product (product_id, name, picture_url_original, price_current, price_market, category_id, status, create_time, update_time, product_model, standard_long, standard_width, standard_high, feature, brand, made_in, delivery_city, graphic_description, first_contents, second_contents, first_contents_name, second_contents_name, thum_urm_url) values (86, '休闲沙发', '["http://7u2lv8.com2.z0.glb.qiniucdn.com/FltSn2YzHBvQ_MQsi4AoXQmtOoai","","","",""]', 1000, 50000, 28, 1, '2015-01-29 17:22:58', '2015-02-02 14:00:00', 'SF-00010', 55, 67, 93, '海绵扪布饰面（快干海绵，防水布）(面料采用优质绒布，不掉绒，不退色，舒适，柔软，海绵采用高密度低燃性泡胶，表面有防氧化层）/镜面玫瑰金不锈钢管脚架（实心，防水防锈处理）(不锈钢钢采用真空镀膜技术镀出的膜层，具有高硬度，高耐磨性，很好的耐腐蚀性及化学稳定性，寿命更长等特点，)/橡胶脚垫。', '森源制造', '深圳', null, '', 6, 61, '阳台', '户外椅', null);
insert into t_single_product (product_id, name, picture_url_original, price_current, price_market, category_id, status, create_time, update_time, product_model, standard_long, standard_width, standard_high, feature, brand, made_in, delivery_city, graphic_description, first_contents, second_contents, first_contents_name, second_contents_name, thum_urm_url) values (87, '书柜', '["http://7u2lv8.com2.z0.glb.qiniucdn.com/FqPh_pz1u2_laSNdaQfqvvZlANtP","","","",""]', 9999, 9999, 26, 1, '2015-01-30 16:51:01', '2015-01-30 16:54:38', 'SG-00029', 1500, 350, 850, '白色混水漆易涂宝漆：光泽均匀，硬度高，抗刮性强，不退色，三底两面。', '原正制造', '东莞', null, '', 5, 56, '儿童房', '儿童柜', null);
insert into t_single_product (product_id, name, picture_url_original, price_current, price_market, category_id, status, create_time, update_time, product_model, standard_long, standard_width, standard_high, feature, brand, made_in, delivery_city, graphic_description, first_contents, second_contents, first_contents_name, second_contents_name, thum_urm_url) values (88, '床垫', '["http://7u2lv8.com2.z0.glb.qiniucdn.com/Fml5DbqB5GezHpv8-4lJ5PSd-Qs7","","","",""]', 9999, 9999, 1, 1, '2015-01-30 16:53:39', '2015-01-30 16:54:51', 'CD-00047', 1800, 2000, 20, '床垫选用的是天然椰棕，高猛弹簧和高档防菌防螨的针织面料制成的。床垫天然绿色环保，透气性能好，充分保证舒适的睡眠质量。', '原正制造', '东莞', null, '', 1, 11, '卧室', '床', null);
insert into t_single_product (product_id, name, picture_url_original, price_current, price_market, category_id, status, create_time, update_time, product_model, standard_long, standard_width, standard_high, feature, brand, made_in, delivery_city, graphic_description, first_contents, second_contents, first_contents_name, second_contents_name, thum_urm_url) values (89, '办公桌椅', '["http://7u2lv8.com2.z0.glb.qiniucdn.com/Fgk6FOjm63TKgYt1DgNUeKM2y5-I","","","",""]', 9999, 9999, 21, 1, '2015-01-30 16:57:04', null, 'BGZY-00046', 64, 63, 97107, '感性的视觉设计美学与理性的人体学的完美融合，创造出一个让办公、学习充满力量与激情的氛围。柔软透气的皮质，随性移动的惬意，精心设计的细节，人性化的功能使用给予它被认可的理由。材质采用高级PU革包覆材料，一级选料，坚固耐用，高度轻松调节，三级气杆均通过SGS认证。坐背垫内采用高密度优质全新海绵，回弹性好，透气性佳，坐感舒适，经久耐用。采用高强度的尼龙+玻纤材质制造的脚轮和五星爪，能经受高冲击强疲劳的测试要求，保证产品的安全坚固。', '原正制造', '东莞', null, '', 4, 43, '书房', '书椅/转椅', null);
insert into t_single_product (product_id, name, picture_url_original, price_current, price_market, category_id, status, create_time, update_time, product_model, standard_long, standard_width, standard_high, feature, brand, made_in, delivery_city, graphic_description, first_contents, second_contents, first_contents_name, second_contents_name, thum_urm_url) values (90, '小木马', '["http://7u2lv8.com2.z0.glb.qiniucdn.com/FmBZMITbY6-INtkpwy6FGHTW9Mct","","","",""]', 9999, 9999, 25, 1, '2015-01-30 16:58:32', null, 'XMM-00045', 760, 630, 300, '可爱、俊朗的外表迷倒了千万儿童的心小男孩视她为心中的“白富美”，女孩视他为心中的高富帅。真皮的坐垫持久耐磨。眼睛采用的是电脑刺绣工艺，前轮为万向轮，后轮为定向轮。', '原正制造', '东莞', null, '', 5, 55, '儿童房', '儿童椅', null);
insert into t_single_product (product_id, name, picture_url_original, price_current, price_market, category_id, status, create_time, update_time, product_model, standard_long, standard_width, standard_high, feature, brand, made_in, delivery_city, graphic_description, first_contents, second_contents, first_contents_name, second_contents_name, thum_urm_url) values (91, '床垫', '["http://7u2lv8.com2.z0.glb.qiniucdn.com/Fu6tgIXCj4ZsIUg3xuNxXAAmwJ4V","","","",""]', 9999, 9999, 1, 1, '2015-01-30 17:00:25', null, 'CD-00044', 90, 19, 50, '全棕床垫,偏硬的，睡硬床垫对孩子发育比较有帮助的哦，用的是全天然优质椰棕做的，而且用的是亲肤防螨高档面料做的哦，亲肤防螨~宝宝很适合用的哦，好一点的床垫比较耐用也不易变形。', '原正制造', '东莞', null, '', 1, 11, '卧室', '床', null);
insert into t_single_product (product_id, name, picture_url_original, price_current, price_market, category_id, status, create_time, update_time, product_model, standard_long, standard_width, standard_high, feature, brand, made_in, delivery_city, graphic_description, first_contents, second_contents, first_contents_name, second_contents_name, thum_urm_url) values (92, '床垫', '["http://7u2lv8.com2.z0.glb.qiniucdn.com/FuuqagWakCel87iWntPgTdH32Xk8","","","",""]', 9999, 9999, 1, 1, '2015-01-30 17:01:49', null, 'CD-00043', 1200, 1900, 100, '这款是10公分全棕床垫,偏硬的，睡硬床垫对孩子发育比较有帮助的哦，用的是全天然优质椰棕做的，而且用的是亲肤防螨高档面料做的哦，亲肤防螨~宝宝很适合用的哦，好一点的床垫比较耐用也不易变形哦。', '原正制造', '东莞', null, '', 1, 11, '卧室', '床', null);
insert into t_single_product (product_id, name, picture_url_original, price_current, price_market, category_id, status, create_time, update_time, product_model, standard_long, standard_width, standard_high, feature, brand, made_in, delivery_city, graphic_description, first_contents, second_contents, first_contents_name, second_contents_name, thum_urm_url) values (93, '单人沙发', '["http://7u2lv8.com2.z0.glb.qiniucdn.com/FvOSh_F1Ni_ZbD_1JOEGV0dfx-12","","","",""]', 9999, 9999, 8, 1, '2015-01-30 17:03:34', null, 'DRSF-00006', 760, 720, 900, '高弹力海绵扪布饰面(面料采用优质绒布，不掉绒，不退色，舒适，柔软，海绵采用高密度低燃性泡胶，表面有防氧化层）/白橡实木脚（实木：木材色泽均匀，纹理清晰，质地细密，含水率在8%，符合GB/T3324要求。无虫孔、结疤、蓝斑、裂纹）油漆采用易涂宝漆：光泽均匀，硬度高，抗刮性强，不退色。）', '原正制造', '东莞', null, '', 2, 21, '客厅', '沙发', null);

DROP TABLE t_user;
CREATE TABLE t_user ( u_id bigint NOT NULL AUTO_INCREMENT, name varchar(64), mobile varchar(11), password varchar(128), reg_time timestamp DEFAULT CURRENT_TIMESTAMP, PRIMARY KEY (u_id), CONSTRAINT u_id UNIQUE (u_id) ) ENGINE=InnoDB DEFAULT CHARSET=utf8;

CREATE TABLE `t_product_type` (
  `idt_product_type` bigint(20) NOT NULL AUTO_INCREMENT,
  `type_key` int(11) DEFAULT NULL,
  `name` bigint(20) DEFAULT NULL,
  `parent_key` int(11) DEFAULT null,
  PRIMARY KEY (`idt_product_type`)
) ENGINE=InnoDB DEFAULT CHARSET=utf8;

DROP TABLE t_wish_list;
CREATE TABLE t_wish_list ( wish_list_id bigint NOT NULL AUTO_INCREMENT, userId bigint, wish_product_name varchar(255), wish_product_brand varchar(255), wish_product_url text, wish_product_request varchar(420), submit_time timestamp DEFAULT CURRENT_TIMESTAMP, PRIMARY KEY (wish_list_id) ) ENGINE=InnoDB DEFAULT CHARSET=utf8;

DROP TABLE t_app_version;
CREATE TABLE t_app_version ( v_id bigint NOT NULL AUTO_INCREMENT, version varchar(64), download text, update_content text, update_time timestamp DEFAULT CURRENT_TIMESTAMP, PRIMARY KEY (v_id) ) ENGINE=InnoDB DEFAULT CHARSET=utf8;